{
    "ccpd_blur": {
        "FN": 880,
        "TN": 0,
        "total": 20611,
        "correct": 7780,
        "FP": 97,
        "TP": 19634,
        "iou": 16860.341693782248
    },
    "ccpd_challenge": {
        "FN": 547,
        "TN": 0,
        "total": 50003,
        "correct": 29320,
        "FP": 280,
        "TP": 49176,
        "iou": 42303.82342985505
    },
    "ccpd_db": {
        "FN": 660,
        "TN": 0,
        "total": 10132,
        "correct": 4496,
        "FP": 123,
        "TP": 9349,
        "iou": 7757.00586348027
    },
    "ccpd_fn": {
        "FN": 320,
        "TN": 0,
        "total": 20967,
        "correct": 13285,
        "FP": 190,
        "TP": 20457,
        "iou": 17171.423286013305
    },
    "ccpd_rotate": {
        "FN": 30,
        "TN": 0,
        "total": 10053,
        "correct": 6710,
        "FP": 23,
        "TP": 10000,
        "iou": 8277.063712928444
    },
    "ccpd_tilt": {
        "FN": 227,
        "TN": 0,
        "total": 30216,
        "correct": 17731,
        "FP": 68,
        "TP": 29921,
        "iou": 0.8018172052735746
    }
}